model,ap.csv,battig.csv,bless.csv,essli-2008.csv
vectors.100.vw,0.5159207375082692,0.443656566138882,0.6714327405530498,0.5689618736638151
vectors.150.vw,0.5010808108329257,0.44766910674424565,0.6192150268870524,0.5573471131770187
vectors.200.vw,0.44660639985427136,0.44659520505564104,0.5930574679436635,0.6151028928899525
vectors.250.vw,0.46862169099143913,0.43652485708196986,0.6726237193813611,0.5356141111391375
vectors.300.vw,0.4528679782353818,0.43586330967269693,0.5797767741268879,0.6105435863752144
vectors.400.vw,0.4624290854068818,0.4287150650100985,0.6794495620440171,0.573912397431781
vectors.50.vw,0.5052813173590578,0.43298393166321497,0.6043860632523556,0.5700303682695231
