model,mc-30.csv,men.csv,mturk-287.csv,mturk-771.csv,rg-65.csv,rw.csv,semeval17.csv,simverb-3500.csv,verb-143.csv,wordsim353-rel.csv,wordsim353-sim.csv,yp-130.csv
vectors.50.vw,0.212440557275216,0.197625044535846,0.340456335880408,0.294335692699609,0.232183455494734,0.376892088993645,0.199933290212519,0.761389157968194,0.277708706354101,0.246483735774307,0.205457617883856,0.281803982142989
vectors.100.vw,0.230386500898997,0.219236587088729,0.368327766548341,0.327738280166439,0.236119122489141,0.40620630278076,0.210385535430439,0.793824948915706,0.266969765565107,0.285968146309632,0.237962807321275,0.271447527250074
vectors.150.vw,0.250642934924861,0.238307483037164,0.386043385472939,0.351065275086389,0.244128456240663,0.425104928110875,0.224347977499811,0.813164594038071,0.260866726150588,0.314691173807632,0.262424229444632,0.26579488467918
vectors.200.vw,0.263121048295498,0.256589572264111,0.398002213848653,0.367970611177684,0.263117535861925,0.43916874201385,0.239399832969899,0.826432495547041,0.265354087279016,0.330268592477815,0.276363740198998,0.270221241619323
vectors.250.vw,0.278722049230337,0.270696250330545,0.405510845735159,0.382365206875435,0.271815250847202,0.450505880836301,0.251284766325808,0.837757109004755,0.26934171983783,0.34500654693887,0.291423323466385,0.274503447672667
vectors.300.vw,0.283325100593517,0.282717448498365,0.414821713551655,0.392274219972382,0.283335295719023,0.45705053903311,0.260652273970852,0.847187785820376,0.270612511355785,0.353636019557464,0.30176180617173,0.275795297998706
vectors.400.vw,0.295355481573939,0.300327752961138,0.427217063188597,0.409668905729868,0.293174899983865,0.471738398109484,0.275682609916469,0.860888173511247,0.274296276461924,0.368681781203212,0.317346112534176,0.279545361446818