model,ap.csv,battig.csv,bless.csv,essli-2008.csv
gpt2-medium-pretrained.768.wv,0.49620421528415365,0.30704579557945244,0.515522116826924,0.46685208845139636
