model,mc-30.csv,men.csv,mturk-287.csv,mturk-771.csv,rg-65.csv,rw.csv,semeval17.csv,simverb-3500.csv,verb-143.csv,wordsim353-rel.csv,wordsim353-sim.csv,yp-130.csv
vectors.100.vw,0.23038650089899698,0.21923658708872895,0.36832776654834054,0.32773828016643874,0.23611912248914058,0.4062063027807598,0.21038553543043906,0.7938249489157057,0.26696976556510676,0.2859681463096322,0.23796280732127478,0.2714475272500744
vectors.150.vw,0.2506429349248608,0.23830748303716381,0.38604338547293915,0.35106527508638935,0.24412845624066315,0.42510492811087475,0.22434797749981097,0.8131645940380711,0.26086672615058837,0.31469117380763184,0.2624242294446318,0.2657948846791799
vectors.200.vw,0.2631210482954979,0.25658957226411133,0.39800221384865253,0.36797061117768404,0.26311753586192543,0.4391687420138501,0.23939983296989936,0.826432495547041,0.26535408727901555,0.33026859247781526,0.2763637401989984,0.27022124161932326
vectors.250.vw,0.2787220492303371,0.27069625033054506,0.4055108457351588,0.3823652068754352,0.27181525084720215,0.4505058808363015,0.2512847663258076,0.8377571090047548,0.2693417198378297,0.3450065469388701,0.29142332346638544,0.2745034476726674
vectors.300.vw,0.2833251005935171,0.28271744849836455,0.41482171355165515,0.3922742199723817,0.28333529571902294,0.45705053903310966,0.26065227397085156,0.8471877858203759,0.2706125113557847,0.353636019557464,0.30176180617172954,0.2757952979987057
vectors.400.vw,0.2953554815739393,0.3003277529611377,0.42721706318859665,0.4096689057298675,0.2931748999838646,0.47173839810948404,0.2756826099164692,0.860888173511247,0.27429627646192434,0.3686817812032121,0.31734611253417566,0.27954536144681846
vectors.50.vw,0.2124405572752158,0.1976250445358455,0.3404563358804081,0.2943356926996086,0.23218345549473393,0.3768920889936449,0.19993329021251863,0.761389157968194,0.27770870635410144,0.24648373577430718,0.20545761788385555,0.28180398214298946
