model,ap.csv,battig.csv,bless.csv,essli-2008.csv
roberta.768.wv,0.5400446854368885,0.3014258325235493,0.5524051894943864,0.6267008353944273
