model,8-8-8.csv,wikisem500.csv
roberta.768.wv,0.8359375,0.5949249999999999
