model,ap.csv,battig.csv,bless.csv,essli-2008.csv
roberta-base-pretrained.768.wv,0.46120130388356656,0.30124308827936136,0.5348129959916983,0.562039985181257
