model,ap.csv,battig.csv,bless.csv,essli-2008.csv
bert-base-uncased-pretrained.768.wv,0.3114906879842681,0.2836782133018701,0.3867318581646884,0.5341187242212273
