model,ap.csv,battig.csv,bless.csv,essli-2008.csv
gpt2-large-pretrained.768.wv,0.44181864836129564,0.2870806609954484,0.5193872669200253,0.47238029612416643
