model,8-8-8.csv,wikisem500.csv
gpt2-large-pretrained.768.wv,0.8359375,0.5767589285714285
