model,ap.csv,battig.csv,bless.csv,essli-2008.csv
gpt2.768.wv,0.463648930530484,0.3037700321451745,0.5530449975649033,0.6299404756352834
