model,8-8-8.csv,wikisem500.csv
gpt2.768.wv,0.865234375,0.5346226190476191
