model,ap.csv,battig.csv,bless.csv,essli-2008.csv
bert-fine.768.wv,0.24865387741174588,0.25033739766620466,0.37317066599534965,0.6031966778359017
