model,8-8-8.csv,wikisem500.csv
bert-fine.768.wv,0.794921875,0.5342345238095239
