model,ap.csv,battig.csv,bless.csv,essli-2008.csv
sg.100.vw,0.5780351367799206,0.5308714982991621,0.6802891644376551,0.4949234069716011
sg.150.vw,0.5683078284839367,0.5346200255213555,0.7285094694865466,0.5573308757972358
sg.200.vw,0.5573185524378818,0.5220812239035447,0.724033832855196,0.5460514546980405
sg.250.vw,0.6219522503122408,0.5212961723940952,0.7118885556469524,0.5218275522815171
sg.300.vw,0.586389209644308,0.5277810616756028,0.7177956996403545,0.5589448207676889
sg.400.vw,0.6073188625468228,0.5425737692706525,0.7139109925636257,0.5654972845283717
sg.50.vw,0.5885475777287145,0.5398500645739408,0.7198277232926009,0.5628185114529359
