model,8-8-8.csv,wikisem500.csv
sg.100.vw,0.9375,0.7253855431061313
sg.150.vw,0.9375,0.7023548863990041
sg.200.vw,0.9375,0.7260546996576409
sg.250.vw,0.90625,0.7200813103018985
sg.300.vw,0.875,0.7260348583877996
sg.400.vw,0.875,0.7012087612822908
sg.50.vw,0.9375,0.7165931372549019
