model,mc-30.csv,men.csv,mturk-287.csv,mturk-771.csv,rg-65.csv,rw.csv,semeval17.csv,simverb-3500.csv,verb-143.csv,wordsim353-rel.csv,wordsim353-sim.csv,yp-130.csv
sg.100.vw,0.22457766694674894,0.16500178837932647,0.26203211413998617,0.257022740190531,0.22239366227961502,0.32538271345040903,0.1955761686579129,0.7753478213606123,0.22860458746599774,0.20954808050569368,0.17474445497594315,0.2300175332592084
sg.150.vw,0.22627560336490476,0.16503211605573692,0.26136119470188557,0.2560657149660557,0.22103912269839873,0.3252307220086531,0.1928489686396939,0.7747899146833436,0.22940083722675603,0.20732885167703913,0.1745678984656626,0.23073822200412933
sg.200.vw,0.23075113968650504,0.1650317048163712,0.26270622085262335,0.2577664801664301,0.22309861202194142,0.3247418034147028,0.19615788372946374,0.7749358436830007,0.23024944150069404,0.208367323123983,0.1730173220584283,0.23139012094002506
sg.250.vw,0.22375898566444719,0.164888768336835,0.26350590302445503,0.2562372860778658,0.22100013875502805,0.3246530143408281,0.19532924690824233,0.775262754113634,0.2267156203275635,0.20645792081889489,0.1725011530793747,0.2281422318330178
sg.300.vw,0.22865829121669137,0.1649957287545502,0.26296136197145004,0.25746302772061924,0.22340114461917143,0.3251233265563012,0.19348522284654554,0.7741839955347828,0.22931881706321997,0.20919915158007327,0.1737514746173912,0.2308629694665854
sg.400.vw,0.22645711617271105,0.1653129494190837,0.26247695273350874,0.2576026289056974,0.21955526261834,0.32554172958831495,0.19368215688308818,0.7740991174773549,0.22892832564668994,0.20884658048658813,0.1730231713099139,0.23035785070680653
sg.50.vw,0.22548519935806594,0.16495744984851526,0.26342656995723657,0.2570405497809845,0.22259370768528716,0.3258908928242255,0.1943813393124736,0.7732667210869834,0.22964877533303601,0.20870550771107696,0.17568209998568102,0.2308864334891049
