model,ap.csv,battig.csv,bless.csv,essli-2008.csv
gpt2-pretrained.768.wv,0.4884251607520105,0.3123262610709172,0.5242378278315287,0.6442668319176663
