model,8-8-8.csv,wikisem500.csv
gpt2-pretrained.768.wv,0.8671875,0.5471404761904762
