model,google-analogies.csv,jair.csv,msr.csv,sat.csv,semeval.csv
WT103.24h.QRNN.100.vw,0.6403398,0,0.6013075,0.25918242,0.30312118
WT103.24h.QRNN.150.vw,0.64039266,0,0.60108894,0.25918135,0.30323598
WT103.24h.QRNN.200.vw,0.5558439,0,0.52386457,0.22404711,0.24454139
WT103.24h.QRNN.300.vw,0.5533238,0,0.5254152,0.20573309,0.239287
WT103.24h.QRNN.400.vw,0.47414735,0,0.45231628,0.17319292,0.19356392
WT103.24h.QRNN.50.vw,0.6427122,0,0.59071636,0.30830148,0.3142907
