model,ap.csv,battig.csv,bless.csv,essli-2008.csv
100.vw,0.5111549817629505,0.4701409492539494,0.609097674518625,0.5948063443028617
150.vw,0.48337606690742263,0.4726439058488439,0.553934936613524,0.4713177507990925
200.vw,0.511383587009481,0.4992238436761192,0.6126116789022762,0.5054455414190702
250.vw,0.534971147431235,0.4949624355341389,0.5926719306594618,0.5428752562899452
300.vw,0.4758289068682214,0.4697019245667439,0.5340228077481495,0.45504684670414264
400.vw,0.5413637749205396,0.4804087142051286,0.6253793226808986,0.5574793252585205
50.vw,0.5144323695914503,0.4380701059353572,0.5196268914210909,0.5470529637342717
