model,ap.csv,battig.csv,bless.csv,essli-2008.csv
WT103.24h.QRNN.100.vw,0.4715592862646267,0.4726288710590925,0.5622930910536411,0.4128758028524155
WT103.24h.QRNN.150.vw,0.5137812411530698,0.47992343637787754,0.564775750229871,0.48467660113633027
WT103.24h.QRNN.200.vw,0.5251763129888666,0.48607878313938935,0.6342226195351791,0.5967179365131913
WT103.24h.QRNN.300.vw,0.48283248913955595,0.4704431073056889,0.5420756094536086,0.5542657657187586
WT103.24h.QRNN.400.vw,0.45989912701525204,0.4813054732963941,0.573284686604808,0.4828131316523019
WT103.24h.QRNN.50.vw,0.4724205695929364,0.4318723415227142,0.5426053482371026,0.5650628551594967
