model,8-8-8.csv,wikisem500.csv
100.vw,0.78125,0.5843355119825708
150.vw,0.78125,0.5848023653906007
200.vw,0.890625,0.578145813881108
250.vw,0.671875,0.5966472144413321
300.vw,0.890625,0.5511367880485527
400.vw,0.890625,0.5744026221599752
50.vw,0.734375,0.6143921179582945
