model,mc-30.csv,men.csv,mturk-287.csv,mturk-771.csv,rg-65.csv,rw.csv,semeval17.csv,simverb-3500.csv,verb-143.csv,wordsim353-rel.csv,wordsim353-sim.csv,yp-130.csv
100.vw,0.23262541544040044,0.1987571170169611,0.2299824983457101,0.23243278729087308,0.24639078094409064,0.26130866001826786,0.21347329613235264,0.7104533505530943,0.29282450701225365,0.2349569548387237,0.16924773826374084,0.2913383059767576
150.vw,0.23345235339403153,0.19875746533272165,0.229978757863782,0.2322595934252116,0.2456465694996027,0.2613362571071438,0.21357433823017793,0.7102285577319915,0.29339505643267483,0.23503139389656919,0.16901092648445346,0.2919843622524005
200.vw,0.26101349561015763,0.24530788521412764,0.3517292108064354,0.3268703272746958,0.2492108909143851,0.3132374001824417,0.23401217016287978,0.7575145062073669,0.279708762641937,0.3188833066455769,0.24707455361022482,0.2816417728634981
250.vw,0.2688238610188166,0.25876522520390655,0.3633188989739486,0.3423926644681169,0.25916253110766413,0.32137162352681575,0.2482190000116365,0.7717744624336146,0.27800052317716767,0.33567863427891453,0.2678640785343489,0.28081431128428536
300.vw,0.25841380699078237,0.2503854629996047,0.3061668968330241,0.31148313830086743,0.25706328180203075,0.28782788833692075,0.24473696922308505,0.7548047950251773,0.281380884222095,0.3092829964800793,0.23902553946920194,0.28390958477373307
400.vw,0.2860361686358848,0.2847717287496975,0.3803760932231476,0.3766193355413912,0.2763803583177236,0.3354976072341171,0.27245529542688596,0.7979207980398926,0.2717867930499571,0.3620669955474114,0.2956181045926499,0.27530058174236466
50.vw,0.28006486112276713,0.23680829711709173,0.33807099371004945,0.28372421405925496,0.2554075000068316,0.3105925488978037,0.22681946402599595,0.7063345005552424,0.3300705308093438,0.26734758736550057,0.2216020986003687,0.3316088645703517
