model,ap.csv,battig.csv,bless.csv,essli-2008.csv
roberta-large-pretrained.768.wv,0.4703411475995445,0.2727594095821331,0.5456482906219254,0.5372580158408811
