model,google-analogies.csv,jair.csv,msr.csv,sat.csv,semeval.csv
vectors.150.vw,0.07235756,0,0.07478042,0.03397527,0.040563706
vectors.300.vw,0.052819487,0,0.05203791,0.020160092,0.025098415
vectors.50.2.10.vw,0.12740257,0,0.12945199,0.06371317,0.07074753
vectors.50.2.vw,0.123734064,0,0.13750415,0.061421208,0.06865054
vectors.50.3.vw,0.1268055,0,0.13204797,0.06705497,0.07329087
