model,mc-30.csv,men.csv,mturk-287.csv,mturk-771.csv,rg-65.csv,rw.csv,semeval17.csv,simverb-3500.csv,verb-143.csv,wordsim353-rel.csv,wordsim353-sim.csv,yp-130.csv
vectors.150.vw,0.45421816510955487,0.44709521411152875,0.5145976531481472,0.5605171253721606,0.43434111706912515,0.5567051749041152,0.43455471036608445,1.0247882937361021,0.4088670136987601,0.46214303871371687,0.4404123406294806,0.41382217590719983
vectors.300.vw,0.46932814587936517,0.4729951437201099,0.5358358766150964,0.5803959295878485,0.45797111880824426,0.5692399127521439,0.45567100489543655,1.0311851822871347,0.41602743672354603,0.48018405934459074,0.4559738808273539,0.41826603622590763
vectors.50.2.10.vw,0.45241435927436463,0.40961690992261834,0.47074437245647754,0.5274061602989087,0.3712963395046465,0.5388203667353184,0.408855536744672,0.9947995810571388,0.40386756843947014,0.41536981136041057,0.3885697232360154,0.40281220346270946
vectors.50.2.vw,0.4812938427690948,0.40939629644750747,0.4850890708806759,0.5369209036975529,0.4141098256138238,0.5404103529586431,0.4021569165385375,1.0083735446250555,0.4059512368544655,0.42295771195297255,0.403765660424735,0.409976069673373
vectors.50.3.vw,0.46251754138583223,0.4085646353832784,0.47842742245049,0.5353729284949493,0.3716052839430895,0.5423108534659385,0.40774824658356146,0.9976270813186842,0.39301769410270565,0.42282387197734844,0.39310650535093417,0.39275082177394316
